liste;statut;nom_commercial;date_delivrance_immatriculation;adresse_voie;code_postal;commune_ou_pays;site_internet
1;immatriculation definitive;A-Cube;2026-07-21;via Pisani Vittor 20, Milan;20124;Italie;https://www.acubeapi.com/
1;immatriculation definitive;ABBY;2026-01-29;223-225 avenue Général Leclerc;54000;Nancy;https://abby.fr/
1;immatriculation definitive;ACCENTURE;2025-12-22;118 Avenue de France;75013;Paris;https://www.accenture.com/fr-fr
1;immatriculation definitive;ADEMICO SOFTWARE;2026-01-16;204 Heidebergstraat, Louvain;3010;Belgique;https://ademico-software.com/
1;immatriculation definitive;AGENA 3000;2025-12-11;88 Rue du Paradis;49300;Cholet;https://www.agena3000.com/fr/nos-solutions/a3-e-facture
1;immatriculation definitive;AGICAP;2026-01-20;57 rue de Saint-Cyr 57-59 imm Lyon Vaise;69009;Lyon;https://agicap.com/fr/
1;immatriculation definitive;AGS RECORDS MANAGEMENT;2026-07-15;20 Rue de la Guillauderie;44118;La Chevrolière;https://www.ags-recordsmanagement.com/
1;immatriculation definitive;Arratech;2026-07-03;Drottninggatan 33, Stockholm;111 51;Suède;https://www.arratech.com/
1;immatriculation definitive;ARTEVA;2025-12-18;330 Allée des Hêtres;69760;Limonest;https://www.arteva.fr
1;immatriculation definitive;Aruba S.p.A.;2026-07-29;Via San Clemente n. 53 Ponte San Pietro;24036;Italie;https://www.arubaonesuite.fr/
1;immatriculation definitive;ATGP;2025-12-11;20, rue des Acacias;26120;Montélier;https://www.atgp.net/
1;immatriculation definitive;AVALARA;2025-12-18;33 Rue François 1er;75008;Paris;https://www.avalara.com/eu/fr
1;immatriculation definitive;AXELOR;2026-04-13;23 Rue Alfred Nobel;77420;Champs-sur-Marne;https://axelor.com/fr/
1;immatriculation definitive;AXONAUT;2026-01-08;12 Rue Louis Renault;31130;Balma;https://axonaut.com/
1;immatriculation definitive;AXWAY SOFTWARE;2026-04-14;1 Bis Place de la Défense;92035;Paris La Défense Cedex;https://www.axway.com/fr
1;immatriculation definitive;AZOPIO;2025-12-22;38 rue de Wagram;75008;Paris;https://www.azopio.com/fr/
1;immatriculation definitive;B2BRouter;2025-12-12;Avenida Diagonal 433 1 - 1 CP, Barcelona;08036;Espagne;https://www.b2brouter.net/fr
1;immatriculation definitive;B4VALUE.NET;2026-03-04;Trippstadter Str. 122,Kaiserslautern;67663;Allemagne;https://www.b4value.net/en/
1;immatriculation definitive;BASWARE;2025-12-18;Linnoitustie 2, Espoo;02600;Finlande;https://www.basware.com/fr
1;immatriculation definitive;BC SOLUTIONS;2026-01-15;1330 Av. Jean-René Guillibert Gautier de la Lauzière;13290;Aix-en-Provence;https://bcsolutions.fr/
1;immatriculation definitive;BILLIT;2025-12-19;Oktrooiplein 1 boite 302, Gent;9000;Belgique;https://www.billit.eu/fr-be/
1;immatriculation definitive;BLG;2026-08-26;1 Rue de la Sous-Préfecture;60200;Compiègne;https://www.blgcloud.fr/
1;immatriculation definitive;CBS Corporate Business Solutions;2026-02-25;Rudolf-Diesel-Straße 9 en Heidelberg;69115;Allemagne;https://www.cbs-consulting.com/en/
1;immatriculation definitive;CECURITY;2025-12-18;75 Rue Saint-Lazare;75009;Paris;https://www.cecurity.com
1;immatriculation definitive;CEGEDIM;2025-12-11;137 Rue d'Aguesseau;92100;Boulogne-Billancourt;https://www.cegedim.fr
1;immatriculation definitive;CEGI ALFA;2026-04-14;21 Rue Jules Verne, ZI du Brezet;63000;Clermont-Ferrand;https://www.cegi.fr/
1;immatriculation definitive;CEGID;2025-12-18;52 Quai Paul Sédallian;69279;Lyon Cedex 09;https://www.cegid.com/fr
1;immatriculation definitive;CHAINTRUST by Visma;2025-12-18;9 rue des Colonnes;75002;Paris;https://www.chaintrust.io
1;immatriculation definitive;CLEARTAX;2026-04-24;42 rue Cambronne;75015;Paris;https://www.cleartax.com/fr
1;immatriculation definitive;COMARCH SA;2025-12-18;al. Jana Pawła II 39a Kraków;;Pologne;https://www.comarch.com/
1;immatriculation definitive;CYCLOPE;2026-08-25;92 Cours Vitton;69006;Lyon;https://cyclope.digital/
1;immatriculation definitive;DARVA;2025-12-18;245 rue du stade;79180;Chauray;https://www.darva.com
1;immatriculation definitive;DEXT;2025-12-11;34 rue Laffitte;75009;Paris;https://dext.com/fr/produits/logiciel-facturation
1;immatriculation definitive;DIGIPHARMACIE;2025-12-23;28 rue des Marguettes;75012;Paris;https://digipharmacie.fr/
1;immatriculation definitive;DIGITAL TECHNOLOGIES;2025-12-15;Via San Vittore 14, Milan;20122;Italie;https://digtechs.com/?lang=fr
1;immatriculation definitive;Docnova, MELASOFT GmbH;2026-05-13;Gerbermühlstraße 32, Frankfurt;60594;Allemagne;https://www.melasoft.com/
1;immatriculation definitive;DOCOON;2025-12-15;81 Rue Réaumur;75002;Paris;https://docoon.com
1;immatriculation definitive;DOCOON IMMO / FREEDZ;2025-12-23;32 Boulevard Michelet;13008;Marseille;https://docoon.immo/
1;immatriculation definitive;DOCPROCESS;2025-12-15;14 Chemin des Clos;38240;Meylan;https://doc-process.com/fr
1;immatriculation definitive;DOCUWARE;2025-12-22;17 rue du Colisée;75008;Paris;https://start.docuware.com/fr/
1;immatriculation definitive;DOKAPI;2026-07-08;75 Schuttersvest, Malines;2800;Belgique;https://www.dokapi.io/
1;immatriculation definitive;Dougs Facturation gratuite;2025-12-12;Route de Sully la Chapelle;45450;Fay-aux-Loges;https://www.dougs.fr/logiciel-facturation-gratuit/
1;immatriculation definitive;DOXALLIA;2025-12-11;Rue du Causse Comtal;12340;Bozouls;https://www.doxallia.com
1;immatriculation definitive;ecosio InterCom, a Vertex Company;2026-04-30;Maximilianstraße 35a, Munich;80539;Allemagne;https://ecosio.com/fr/
1;immatriculation definitive;EDICOM France;2025-12-11;55 Rue d'Amsterdam;75008;Paris;https://edicomgroup.fr
1;immatriculation definitive;EDICOM Group;2025-12-11;C/ Charles Robert Darwin,8 Parque Tecnologico de Paterna, Valencia;46980;Espagne;https://edicomgroup.com
1;immatriculation definitive;EDICS France;2026-01-08;5 Allée Moulin Berger;69130;Écully;https://edics.fr/
1;immatriculation definitive;EdiEyes Vision Care;2026-06-01;14 Allée du Haras;49100;Angers;https://www.edieyes.fr/
1;immatriculation definitive;EDT;2026-01-08;85 Rue Lavoisier;38330;Montbonnot-Saint-Martin;https://www.group-edt.fr/
1;immatriculation definitive;EEZI powered by VAT IT;2026-01-13;29-31 Boulevard de le Paix;78100;SaintGermain-en-Laye;https://eezi.io/
1;immatriculation definitive;Effinum by SPEE;2025-12-11;18 Rue de l'Armorique;75015;Paris;https://www.effinum.fr/
1;immatriculation definitive;ENERJ;2025-12-18;3 Chemin de l'Orée du Bois;69570;Dardilly;https://www.enerj.fr/
1;immatriculation definitive;ENTROPICS;2026-01-13;4 rue Paul Lintier;69002;Lyon;https://entropics.fr
1;immatriculation definitive;ESALINK;2025-12-11;2 Rue Jules Méline;51430;Bezannes;https://www.esalink.com
1;immatriculation definitive;ESI;2026-01-13;50 Rue Jean Zay;69800;Saint-Priest;https://www.esi-groupe.com/
1;immatriculation definitive;ESKER;2025-12-11;113 Boulevard de la Bataille de Stalingrad;69100;Villeurbanne;https://www.esker.fr
1;immatriculation definitive;EURO INFORMATION;2025-12-22;4 Rue Frédéric-Guillaume Raiffeisen;67000;Strasbourg;https://www.e-i.com/fr
1;immatriculation definitive;FACNOTE PDP;2026-01-15;Sky Center La Marseille 2B Bd Euroméditerranée;13002;MARSEILLE;https://www.facnote.com/
1;immatriculation definitive;FIDUCIAL CLOUD;2026-01-08;41 Rue Du Capitaine Guynemer;92400;Courbevoie;https://www.fiducial.fr
1;immatriculation definitive;FISKALTRUST;2026-08-28;132 Rue Bossuet;69006;Lyon;https://fiskaltrust.eu/fr-fr/
1;immatriculation definitive;FLOWIE;2026-01-07;229 Rue Saint-Honoré;75001;Paris;https://www.get-flowie.com/
1;immatriculation definitive;Fonoa Technologies Limited;2026-04-29;6th Floor, South Bank House, Barrow Street, Dublin 4, Dublin;D04TR29;Irlande;https://www.fonoa.com/
1;immatriculation definitive;FULLL;2026-01-15;14 Rue Rhin et Danube;69009;Lyon;https://www.fulll.fr/
1;immatriculation definitive;GENERIX Group;2025-12-11;Tour Légende 20 place de la Défense;92050;Paris La Défense;https://www.generixgroup.com/fr
1;immatriculation definitive;GEP;2026-06-17;Innopoli 2 Tekniikantie 14;2600;Espoo (Finlande);https://www.gep.com/software/e-invoicing
1;immatriculation definitive;GESTAV;2025-12-19;57 bis rue de la pomme rouge;02100;Saint Quentin;https://gestav.com/
1;immatriculation definitive;GROUPE SIGMA;2026-01-15;Rue Newton;44240;La Chapelle-sur-Erdre;https://www.sigma.fr/
1;immatriculation definitive;GURUSOFT;2026-03-31;Avda Brasil 29, Madrid;28020;Espagne;https://guru-soft.com/fr/france/
1;immatriculation definitive;IAF;2026-06-15;27 Rue Alfred Nobel;77420;Champs-sur-Marne;https://www.assistances.fr/
1;immatriculation definitive;ICD International;2025-12-22;17 Rue Jeanne Braconnier;92360;Meudon;https://icdint.fr
1;immatriculation definitive;iEDI ApS;2026-02-11;Bybjergvej 14, Espergærde;3060;Danemark;https://www.iedi.com/
1;immatriculation definitive;IGA ASSURANCE;2026-03-03;58 Rue Etienne Dolet;92240;Malakoff;https://www.iga-assurance.fr/
1;immatriculation definitive;In.Te.S.A. spa;2026-08-06;Strada Pianezza, 289, Torino;10151;Italie;https://www.intesa.it/
1;immatriculation definitive;INDICOM;2026-01-13;Via Carnevali 39, Milano;20158;Italie;https://www.indicom.eu/en/idc-home
1;immatriculation definitive;INDY;2026-01-09;94 Rue Robert;69006;LYON;https://www.indy.fr/
1;immatriculation definitive;INFOLOGIC;2026-01-28;99 Avenue de Lyon;26500;Bourg-lès-Valence;https://www.infologic-copilote.fr/
1;immatriculation definitive;INVOPOP;2026-01-15;Calle Pradillo 42, Madrid;28002;Espagne;https://www.invopop.com/
1;immatriculation definitive;IOPOLE;2025-12-11;145 Impasse John Locke;34470;Pérols;https://www.iopole.com
1;immatriculation definitive;iPaidThat;2026-01-06;Avenue d'Alphasis;35760;Saint-Grégoire;https://ipaidthat.io/fr
1;immatriculation definitive;ITESOFT;2026-01-15;Chemin du Mas d'Andron;30470;Aimargues;https://www.itesoft.com/fr
1;immatriculation definitive;jefacture.com;2025-12-18;216 Rue Raymond Losserand;75014;Paris;https://www.ecma-solutions.com
1;immatriculation definitive;KLEKOON;2026-01-16;12, Rue Paul Langevin;93270;Sevran;https://www.klekoon.com/
1;immatriculation definitive;KOLECTO PA;2026-04-22;155 Boulevard Haussmann;75008;Paris;https://www.kolecto.fr
1;immatriculation definitive;KOLECTO PDP;2025-12-18;50 Rue la Boétie;75008;Paris;https://www.kolecto.fr
1;immatriculation definitive;LE VILLAGE CONNECTE;2026-01-08;2322 Route du Latéral;47400;Fauguerolles;https://village-connecte.fr/
1;immatriculation definitive;Legalinvoice by Tinexta Infocert;2026-04-13;Piazzale Flaminio 1B, Rome;00196;Italie;https://www.infocert.it/
1;immatriculation definitive;LOGILEC;2026-01-06;Route de Kerscao;29480;Le Relecq-Kerhuon;https://www.logilec.fr/
1;immatriculation definitive;LUCCA;2026-04-24;151 Avenue de France;75013;Paris;https://www.lucca.fr
1;immatriculation definitive;LUNDI MATIN;2026-08-24;1025 Avenue Henri Becquerel;34000;Montpellier;https://www.lundimatin.fr/
1;immatriculation definitive;MACOMPTA.FR;2026-01-15;20 Rue des Greffières;17140;Lagord;https://www.macompta.fr/
1;immatriculation definitive;MAROSA;2026-01-15;C/ Policarpo Sanz 36 - 2e D, VigoPontevedra;36202;Espagne;https://marosavat.com/
1;immatriculation definitive;MEDIUS;2026-01-08;35 Rue des Jeuneurs;75002;Paris;https://www.medius.com/fr
1;immatriculation definitive;MY FITECO;2026-05-12;Rue Albert Einstein;53810;Changé;https://myfiteco.com/
1;immatriculation definitive;MY UNISOFT;2026-04-15;Immeuble le Carré, 2 Rue George Stephenson;78180;Montigny-le-Bretonneux;https://myunisoft.fr/
1;immatriculation definitive;MyKinexo PDP;2026-01-15;10 RUE ALAIN GERBAULT;35000;Rennes;https://www.kinexo.fr/
1;immatriculation definitive;MySupply Aps;2026-03-03;Østre Fælledvej 8, Nørresundby;9400;Danemark;https://mysupply.dk/en
1;immatriculation definitive;N2F PDP;2025-12-19;233 Chemin des Grandes Terres;01250;Montagnat;https://www.n2f.com/fr/note-de-frais/
1;immatriculation definitive;NEOTIMO;2026-04-13;27 rue de la Tuilerie;45200;Amilly;https://neotimo.com/
1;immatriculation definitive;NTT DATA Business Solutions;2026-05-13;Philipp-Reis-Str 2, Bautzen;02625;Allemagne;https://fr.nttdata.com/
1;immatriculation definitive;ODOO;2026-04-15;40, Chaussée de Namur, Grand Rosière;1367;Belgique;https://www.odoo.com/fr_FR
1;immatriculation definitive;OfficeIn;2026-07-09;15 Rue Pierre Lescot;75001;Paris;https://officein.fr/
1;immatriculation definitive;ONE UP;2026-01-08;124 Rue Réaumur;75002;Paris;https://smallbusiness.oneup.com/fr/
1;immatriculation definitive;OPEN BEE;2026-01-13;ZAC des Longerays;74370;Epagny Metz-Tessy;https://www.openbee.com
1;immatriculation definitive;OPENTEXT;2025-12-12;Taurusavenue 15 Zuidtoren, Hoofddorp;2132;Pays-Bas;https://www.opentext.fr
1;immatriculation definitive;PAGERO;2025-12-19;Västra Hamngatan 1, Göteborg;411 17;Suède;https://www.pagero.com/fr
1;immatriculation definitive;PARAGON;2025-12-22;274 Boulevard Clémenceau;59700;Marcq-en-Barœul;https://www.paragon.world/fr
1;immatriculation definitive;PAYFLOWS;2026-04-15;17 Rue de la Comète;75007;Paris;https://payflows.io
1;immatriculation definitive;PENNYLANE;2025-12-11;2-4 Rue Jules Lefebvre;75009;Paris;https://www.pennylane.com/fr
1;immatriculation definitive;PITNEY BOWES;2026-01-13;5 rue Francis de Pressensé;93210;Saint-Denis;https://www.pitneybowes.com/fr
1;immatriculation definitive;QONTO;2025-12-18;18 Rue de Navarin;75009;Paris;https://qonto.com/fr
1;immatriculation definitive;QWEEBY;2025-12-22;8 Rue Louis Braille;42000;Saint-Étienne;https://www.qweeby.fr/
1;immatriculation definitive;SAGE;2025-12-22;10 Place de Belgique;92250;La Garenne-Colombes;https://www.sage.com/fr-fr/
1;immatriculation definitive;SAP;2026-01-15;Dietmar-Hopp-Allee 16, Walldorf;69190;Allemagne;https://www.sap.com/france/
1;immatriculation definitive;SCRIBEE;2025-12-22;128 Rue la Boétie;75008;Paris;https://www.scribee.tech/
1;immatriculation definitive;SEEBURGER;2026-01-15;1 Edisonstrasse, Bretten;75015;Allemagne;https://www.seeburger.com/
1;immatriculation definitive;SEPTEO;2026-01-09;194 avenue de la Gare sud de france;34970;Lattes;https://www.septeopdp.com
1;immatriculation definitive;SEQINO;2026-01-15;2 Route de la Noue;91190;Gif-sur-Yvette;https://seqino.com
1;immatriculation definitive;SERENSIA by Quadient;2025-12-11;15 Rue des Mathurins;75009;Paris;https://www.serensia.com/
1;immatriculation definitive;SERES;2025-12-11;45 Bd Paul Vaillant Couturier;94200;Ivry-sur-Seine;https://www.seres.fr
1;immatriculation definitive;Shine;2026-05-21;Fiolstræde 17B, København;1171;Danemark;https://www.shine.fr/
1;immatriculation definitive;SNI;2026-04-13;Dunajska jesta 136, Ljubljana;1000;Slovénie;https://snitechnology.net/fr
1;immatriculation definitive;SOLO;2026-02-16;Sveavägen 13, Stockholm;111 57;Suède;https://www.solo.fr
1;immatriculation definitive;SOVOS;2025-12-18;Rua do Viriato, nº 13, 3º étage, 233 Lisbonne;1050;Portugal;https://www.saphety.com/fr
1;immatriculation definitive;SPENDESK;2026-01-15;51 Rue de Londres;75008;Paris;https://www.spendesk.com/fr/
1;immatriculation definitive;SPS COMMERCE;2025-12-18;De Corridor 5 ZA, Breukelen;3621;Pays-Bas;https://tiekinetix.com/fr
1;immatriculation definitive;SRCI;2026-01-19;4 Rue Joseph Fourier;28000;Chartres;https://solutions.srci.fr/
1;immatriculation definitive;STORECOVE;2026-04-28;s-Gravelandseweg 46D, Hilversum;1211 BT;Pays-Bas;https://www.storecove.com/fr/fr
1;immatriculation definitive;SUPER PDP;2025-12-22;6 rue de la Dhuis;75020;Paris;https://www.superpdp.tech/
1;immatriculation definitive;SYMTRAX;2025-12-18;11 Rue Raymond Marc;30000;Nîmes;https://www.symtrax.com/fr
1;immatriculation definitive;TAXERA;2026-06-04;40 Rue Alexandre Dumas;75011;Paris;https://taxera.tech/
1;immatriculation definitive;TeamSystem Sellsy;2025-12-24;Avenue du Lazaret;17000;La Rochelle;https://go.sellsy.com/
1;immatriculation definitive;TENOR;2026-01-15;5 Rue des Anciennes Tanneries;69600;Oullins;https://tenorsolutions.com
1;immatriculation definitive;TESISQUARE SPA;2026-01-15;Via Mendicità Istruita 24, Bra CN;12042;Italie;https://www.tesisquare.com/fr
1;immatriculation definitive;TESSI Technologies;2025-12-11;Immeuble Cassiopee, 1-3 Avenue des Satellites;33185;Le Haillan;https://www.tessi.eu/fr
1;immatriculation definitive;TIIME PDP;2025-12-18;15 Rue Auber;75009;Paris;https://www.tiime.fr
1;immatriculation definitive;TRADESHIFT BABELWAY;2026-01-06;Chemin du Cyclotron 6, Ottignies-Louvain-la-Neuve;1348;Belgique;https://tradeshift.com/fr
1;immatriculation definitive;Transalis Limited;2026-01-19;Kyriakou Matsi 16, Nicosie;1082;Chypre;https://www.transalis.com/
1;immatriculation definitive;TRESO2;2026-01-08;35 Rue des Mathurins;75008;Paris;http://www.treso2.com
1;immatriculation definitive;TUNGSTEN AUTOMATION FRANCE;2025-12-23;18 Boulevard Malesherbes;75008;Paris;https://www.tungstenautomation.fr/
1;immatriculation definitive;TX2 Concept;2026-01-14;491 Boulevard Duhamel du Monceau;45160;Olivet;https://tx2.fr
1;immatriculation definitive;VENTYA;2025-12-18;3, Boulevard des Bouvets;92000;Nanterre;https://www.ventya.fr
1;immatriculation definitive;VERYSWING;2026-01-15;143bis Rue Yves le Coz;78000;Versailles;https://veryswing.com/
1;immatriculation definitive;VosFactures;2026-04-15;FACTUALI 470 Promenade des Anglais;06200;Nice;https://vosfactures.fr/
1;immatriculation definitive;VOXEL, an Amadeus company;2026-01-15;Carrer Cristóbal de Moura 115 1st floor, Barcelone;8019;Espagne;https://www.voxelgroup.net/facture-electronique/
1;immatriculation definitive;WEPROC;2025-12-23;2 Parvis des Écoles;83000;Toulon;https://www.weproc.com/fr/
1;immatriculation definitive;WiseTech GLOBAL;2026-01-15;25 Bourke Road, Alexandria NSW 2015;;Australie;https://www.wisetechglobal.com/fr-fr/
1;immatriculation definitive;XELYA;2026-05-13;1 Rue Royale 174 Bureaux de la Colline;92210;Saint-Cloud;https://www.xelya.com/
1;immatriculation definitive;YOOZ PDP;2025-12-11;Le Sequoia Parc d'Andron;30470;Aimargues;https://www.getyooz.com/fr
1;immatriculation definitive;YTEMS;2026-08-03;11 Rue de Lourmel;75015;Paris;https://com.ytems.app/
2;dossier complet, en attente des tests d interoperabilite;Basikon;;17 Rue de Kronstadt;92380;Garches;https://www.basikon.com/fr
2;dossier complet, en attente des tests d interoperabilite;BE FRESH S.à r.l.;;13, rue de l'Innovation, Kockelscheuer;1896;Luxembourg;https://befresh.lu/
2;dossier complet, en attente des tests d interoperabilite;CENSE;;4 Place Sadi Carnot;13002;Marseille;https://www.cpem.fr/o
2;dossier complet, en attente des tests d interoperabilite;EAGLESSOFT;;Excelsiorlaan 31, Zaventem;1930;Belgique;https://eaglessoft.com/
2;dossier complet, en attente des tests d interoperabilite;EY Expertises & Transactions;;1-2 place des saisons;92400;Courbevoie;https://www.ey.com/fr_fr
2;dossier complet, en attente des tests d interoperabilite;FACTUREAPP;;16 rue Cuvier;69002;Lyon;https://www.factureapp.com/
2;dossier complet, en attente des tests d interoperabilite;Insiders Technologies GmbH;;Brüsseler Straße 1, Kaiserslautern;67657;Allemagne;https://insiders-technologies.com/en/
2;dossier complet, en attente des tests d interoperabilite;KALANDA;;94 Avenue de la Sarriette;13600;La Ciotat;https://www.kalanda.net/
2;dossier complet, en attente des tests d interoperabilite;MY-EDDY;;2507 Avenue de l'Europe;69140;Rillieux-la-Pape;https://dailyapps.fr/
2;dossier complet, en attente des tests d interoperabilite;NUMERIA;;5 allée Rosa Luxembourg;95610;Eragny;https://www.numeria.fr/
2;dossier complet, en attente des tests d interoperabilite;RATIOO;;300 Rue du Noir Debout;59242;Cappelle-en-Pévèle;https://ratioo.fr
2;dossier complet, en attente des tests d interoperabilite;SWILE;;561 Rue Georges Méliès;34000;Montpellier;https://www.swile.co/
2;dossier complet, en attente des tests d interoperabilite;Taxilla Europe BV;;Rue des Colonies 11, Brussels;1000;Belgique;https://www.taxilla.com/
2;dossier complet, en attente des tests d interoperabilite;WAKASTELLAR;;17 Rue de la Guillauderie;44118;La Chevrolière;https://www.wakastellar.com/
2;dossier complet, en attente des tests d interoperabilite;YUMAN;;Square de Meuûs 35;1000;Belgique;https://www.yuman.io/
2;dossier complet, en attente des tests d interoperabilite;ZEFYR;;12 Rue Ernest Psichari;75007;Paris;https://www.zefyr.net/
